{"cameraMode":{"drawMode":0,"name":"Shaded","section":"Shading Mode"},"sceneLighting":true,"audioPlay":false,"sceneViewState":{"showFog":true,"showMaterialUpdate":false,"showSkybox":true,"showFlares":true,"showImageEffects":true,"showParticleSystems":true},"in2DMode":false,"pivot":{"x":28.911605834960939,"y":15.793609619140625,"z":3.269314765930176},"rotation":{"x":0.08777695894241333,"y":-0.8528918027877808,"z":-0.15228688716888429,"w":-0.4916159510612488},"size":10.0,"orthographic":false}